{
  "$schema": "http://json-schema.org/draft-06/schema#",
  "definitions": {},
  "type": "object",
  "properties": {

    "instantiateVnfOpConfig": {
      "type": "object",
      "properties": {
      },
      "required": []
    },

    "scaleVnfOpConfig": {
      "type": "object",
      "properties": {
        "a1_scaleInMessage": {
            "type": "message",
            "message": "The uuid list can be composed from uuids can be left empty if the user has no preference. The specified uuids will be preferred for scaling in (one can specify fewer or equal uuids to the number of steps, the rest of the VMs would be picked automatically)."
        },
        "a2_scaleInMessage": {
            "type": "message",
            "message": "The uuids can be obtained in one of the following ways:"
        },
        "a3_scaleInMessage": {
            "type": "message",
            "message": " - cliss command on the node: `show -r -m ComputeResource`"
        },
        "a4_scaleInMessage": {
            "type": "message",
            "message": " - from the respective VIM dashboard (Openstack Horizon or vCloud Director) in case the cliss is not available"
        },
        "a5_scaleInMessage": {
            "type": "message",
            "message": " - from the Ericsson Cloud Manager (VAPPs->VMs->VIM Object ID)"
        },
        "listOfUUIDsToBeDeleted": {
          "pattern": "^[0-9a-fA-F]{8}-[0-9a-fA-F]{4}-[0-9a-fA-F]{4}-[0-9a-fA-F]{4}-[0-9a-fA-F]{12}(, [0-9a-fA-F]{8}-[0-9a-fA-F]{4}-[0-9a-fA-F]{4}-[0-9a-fA-F]{4}-[0-9a-fA-F]{12})*$",
          "errormessage": "Please enter one or more valid BIOS UUIDs separated by commas and a space. For example: '<uuid1>, <uuid2>'",
          "title": "Optional: List of VM uuids to scale-in",
          "description": "Select the VM(s) to scale in. Format: '<uuid1>, <uuid2>, [...]'",
          "type": "array",
          "items": {
            "title": "UUID schema",
            "description": "VM's uuid.",
            "type": "string"
          }
        },
        "shutdownType": {
          "title": "Scale-in type",
          "description": "Set how to scale in the VM(s). (GRACEFUL locks the instances with the specified timeout, while FORCEFUL proceeds without locking and just deleting the VMs)",
          "type": "string",
          "default": "GRACEFUL",
          "enum": ["GRACEFUL", "FORCEFUL"]
        },
        "shuttingDownTimeout": {
          "title": "Optional: Graceful scale-in timeout",
          "description": "Set how long the GRACEFUL scale-in can take in seconds before the VM(s) removed forcefully.",
          "type": "number",
          "pattern": "^((-1)|(0)|([1-9][0-9]*))$",
          "errormessage": "Enter a positive integer or -1!",
          "default": -1
        }
      },
      "required": []
    },

    "healVnfOpConfig": {
        "type": "object",
        "properties": {
            "A_HealMessage_1": {
                "type": "message",
                "message": "Provide either the name or the UUID of the VM to be healed. If UUID is provided, VM name is ignored."
            },
            "resourceName": {
                "type": "string",
                "pattern": "^[a-zA-Z][a-zA-Z0-9_.-]*$",
                "errormessage": "Please enter a valid VM name.",
                "title": "VM name to heal",
                "description": "Select the VM to heal. Ignored, if UUID is provided"
            },
            "resourceId_Message": {
                "type": "message",
                "message": "OR"
            },
            "resourceId": {
                "type": "string",
                "pattern": "^[0-9a-fA-F]{8}-[0-9a-fA-F]{4}-[0-9a-fA-F]{4}-[0-9a-fA-F]{4}-[0-9a-fA-F]{12}$",
                "errormessage": "Please enter a valid UUID. Format example: '08eb7dae-e65d-11e8-9797-fa16aae63b7c'",
                "title": "VM UUID to heal",
                "description": "Select the VM to heal."
            },
            "Z_HealMessage_1": {
                "type": "message",
                "message": "Exactly one of the two must be provided."
            }
        },
        "required": []
    },

    "terminateVnfOpConfig": {
        "type": "object",
        "properties": {},
        "required": []
    }
  }
}
