{
    "dataVNFDSpecific": {
        "flavourId": "default", 
        "vnfProductName": "vMTAS", 
        "vnfProvider": "Ericsson", 
        "vnfSoftwareVersion": "1.12-R13A83", 
        "vnfdId": "vMTAS-1.12-R13A83", 
        "vnfdVersion": "1.12-R13A83"
    }, 
    "instantiateVnfOpConfig": {
        "DNS_server_1_address": "none", 
        "DNS_server_2_address": "none", 
        "DNS_server_3_address": "none", 
        "DNS_server_4_address": "none", 
        "NTP_server_1_address": "10.42.137.126", 
        "NTP_server_2_address": "none", 
        "NTP_server_3_address": "none", 
        "NTP_server_4_address": "none", 
        "OM_IPv4_address": "131.160.190.46", 
        "SC-1_IPv4_address": "131.160.190.45", 
        "SC-1_SC-2_cinder_volume_size": 50, 
        "SC-2_IPv4_address": "131.160.190.44", 
        "VM_HA_policy_PL": "ha-offline", 
        "VM_HA_policy_SC": "managed-on-host", 
        "SC_flavor": "CM-vMTAS_SC", 
        "PL_flavor": "CM-vMTAS_PL", 
        "VM_image_PL": "vIMS_PXE", 
        "VM_image_SC": "vMTAS_1_12", 
		"availability_zone": {
			"PL-3": "nova",
			"PL-4": "nova",
			"SC-1": "nova",
			"SC-2": "nova"
		},
        "bar_sp_net_mtu": 1496, 
        "bar_sp_net_name": "vMTAS-Mobile-PROD-Net-li-sp1", 
        "cai3g-vip4": "172.23.180.200", 
        "emergency_password_hash": "$6$wySDjV39hdw8$tVXybsmArXxbs5XJDJHnKmIMlby5FmJh1J9pCzycehHNhFqGWcVKOPPJnkN3/nzV47a/cN0n/GWnIw8Fx5QsI1", 
        "number_of_scaled_out_VMs": 0, 
        "om_pdl_net_mtu": 1496, 
        "om_pdl_net_name": "vMTAS-Mobile-PROD-Net-chr-sp1", 
        "om_sp1_net_mtu": 1496, 
        "om_sp1_net_name": "p9-c7a-eo-stag-mgmt-vepg-xb040", 
        "om_sp1_subnet_IPv4_address": "131.160.190.32/28", 
        "om_sp1_subnet_IPv4_gateway_address": "131.160.190.33", 
        "om_sp1_subnet_IPv4_name": "SUBNET_IPv4", 
        "om_sp2_net_mtu": 1496, 
        "om_sp2_net_name": "vMTAS-Mobile-PROD-Net-om-sp2", 
        "oss_pm_password_hash": "$6$wySDjV39hdw8$tVXybsmArXxbs5XJDJHnKmIMlby5FmJh1J9pCzycehHNhFqGWcVKOPPJnkN3/nzV47a/cN0n/GWnIw8Fx5QsI1", 
        "platform-vip": "none", 
        "root_password_hash": "$6$wySDjV39hdw8$tVXybsmArXxbs5XJDJHnKmIMlby5FmJh1J9pCzycehHNhFqGWcVKOPPJnkN3/nzV47a/cN0n/GWnIw8Fx5QsI1", 
        "secla_password_hash": "$6$wySDjV39hdw8$tVXybsmArXxbs5XJDJHnKmIMlby5FmJh1J9pCzycehHNhFqGWcVKOPPJnkN3/nzV47a/cN0n/GWnIw8Fx5QsI1", 
        "sig_pdl_net_mtu": 1496, 
        "sig_pdl_net_name": "vMTAS-Mobile-PROD-Net-dia-sp1", 
        "sig_sp_net_mtu": 1496, 
        "sig_sp_net_name": "vMTAS-Mobile-PROD-Net-sig-sp1", 
        "sigtran1-vip4": "10.206.237.152", 
        "sigtran2-vip4": "10.206.237.153", 
        "tasvip4": "10.206.237.151", 
        "time_zone": "Europe/Dublin", 
        "ut-vip4": "10.206.237.150", 
        "workflow_addVNFToOSS": "true",
        "workflow_associatedSite": "Ireland", 
        "workflow_config_dir": "file:///vnflcm-ext/current/vnf_package_repo/vMTAS-1.12-R13A83/configurations/TIM-PoC/", 
		"workflow_networkElementUsername": "oss_pm",
		"workflow_networkElementPassword": "YWRtaW4=e",
		"workflow_networkElementType": "vMTAS",
		"workflow_networkElementVersion": "1.11",
		"workflow_nodeIpAddress": "131.160.190.46",
		"workflow_snmpPort": "161",
		"workflow_netConfPort": "830",
		"workflow_managedElementSrcType": "CBA"
    }, 
    "terminateVnfOpConfig": {}
}
