{
  "$schema": "http://json-schema.org/draft-06/schema#",
  "definitions": {},
  "type": "object",
  "properties": {

    "instantiateVnfOpConfig": {
      "type": "object",
      "properties": {
      },
      "required": []
    },

    "scaleVnfOpConfig": {
      "type": "object",
      "properties": {
        "listOfUUIDsToBeDeleted": {
          "title": "Optional: List of VM UUIDs to scale-in",
          "description": "Select the VM(s) to scale in. Format: uuid1, uuid2",
          "type": "array",
          "items": {
            "title": "UUID schema",
            "description": "VM's uuid.",
            "type": "string"
          }
        },
        "scaleInType": {
          "title": "Scale-in type",
          "description": "Select how the VM(s) to be scaled in. (GRACEFUL or FORCEFUL) NOTE: FORCEFUL Scale-in is a disruptive action",
          "type": "string",
          "default": "GRACEFUL",
          "enum": ["GRACEFUL", "FORCEFUL"]
        }
      },
      "required": []
    },

    "healVnfOpConfig": {
      "type": "object",
      "properties": {
        "UUIDToBeHealed": {
          "title": "UUID of VM to be healed",
          "description": "Select the VM to be healed. Format: uuid",
          "type": "string"
        }
      },
      "required": ["vmToBeHealed"]
    },

    "terminateVnfOpConfig": {
      "type": "object",
      "properties": {
      },
      "required": []
    }
  }
}
