{
  "dataVNFDSpecific": {
    "flavourId": "default",
    "scaleVnfOpConfig": {
      "listOfUUIDsToBeDeleted": "",
      "scaleInType": ""
    },
    "scalingAspect": [
      {
        "description": "Default scaling domain",
        "id": "default",
        "maxScaleLevel": 100,
        "name": "default"
      }
    ],
    "vnfLcmOperationsConfiguration": {
      "scale": {
        "scalingByMoreThanOneStepSupported": true
      }
    },
    "vnfProductName": "vCSCF",
    "vnfProvider": "Ericsson",
    "vnfSoftwareVersion": "1.11.0-8",
    "vnfdId": "vCSCF-1.11.0-8-default",
    "vnfdVersion": "1.11.0-8-default"
  },
  "instantiateVnfOpConfig": {
    "DNS_server_1_address": "none",
    "DNS_server_2_address": "none",
    "NTP_server_1_address": "159.107.173.12",
    "NTP_server_2_address": "159.107.173.12",
    "OM_IPv4_address": "10.210.221.76",
    "OM_IPv6_address": "none",
    "OM_gateway_IPv4_address": "10.210.221.65",
    "OM_gateway_IPv6_address": "none",
    "OM_net_name": "P9-OpStk-13-Public-Tenant4",
    "OM_subnet_IPv4_address": "10.210.221.64/26",
    "OM_subnet_IPv6_address": "none",
    "PL-1_int_IPv4_address": "169.254.100.3",
    "PL-2_int_IPv4_address": "169.254.100.4",
    "PL_to_be_scaled_in": "",
    "SC-1_IPv4_address": "10.210.221.77",
    "SC-1_IPv6_address": "none",
    "SC-1_SC-2_cinder_volume_size": 0,
    "SC-1_int_IPv4_address": "169.254.100.1",
    "SC-2_IPv4_address": "10.210.221.78",
    "SC-2_IPv6_address": "none",
    "SC-2_int_IPv4_address": "169.254.100.2",
    "VM_HA_policy_PL": "ha-offline",
    "VM_HA_policy_SC": "managed-on-host",
    "VM_flavor_PL": "c990d5be-ad84-4e23-80ce-572901e90208",
    "VM_flavor_SC": "5977bc06-b660-4649-9f16-2b6b460a3382",
    "VM_image_PL": "084b6ced-3610-4e30-9bae-8969d6d6a9a0",
    "VM_image_SC": "c1459a7e-9b79-49b9-b3e7-4ecc98ad1120",
    "availability_zone": "nova",
    "availability_zone_Scaling_VMs": {
      "VM-0": "nova",
      "VM-1": "nova",
      "VM-2": "nova",
      "VM-3": "nova",
      "VM-4": "nova",
      "VM-5": "nova",
      "VM-6": "nova",
      "VM-7": "nova",
      "VM-8": "nova",
      "VM-9": "nova"
    },
    "chr_net_name": "vcscf1_chr_sp1",
    "conf_net_name": "vcscf1_conf_sp1",
    "defaultSecURI": "none",
    "defaultURI": "none",
    "diacx_vip4": "none",
    "diacx_vip6": "none",
    "diarf_vip4": "none",
    "diarf_vip6": "none",
    "diaro_vip4": "none",
    "diaro_vip6": "none",
    "diarx_vip4": "none",
    "diarx_vip6": "none",
    "ecscf_vip4": "none",
    "ecscf_vip6": "none",
    "emergency_password_hash": "$6$wySDjV39hdw8$tVXybsmArXxbs5XJDJHnKmIMlby5FmJh1J9pCzycehHNhFqGWcVKOPPJnkN3/nzV47a/cN0n/GWnIw8Fx5QsI1",
    "emergency_username": "maintenance",
    "icscf_vip4": "none",
    "icscf_vip6": "none",
    "int_net_name": "vCSCF_1_8_vcscf1_int_sp",
    "int_subnet_IPv4_address": "169.254.100.0/24",
    "interval_timeout": "10",
    "nels_host": "",
    "nels_port": "",
    "number_of_scaled_out_PL_VMs": 0,
    "pcscf_vip4": "none",
    "pcscf_vip6": "none",
    "root_password_hash": "$6$wySDjV39hdw8$tVXybsmArXxbs5XJDJHnKmIMlby5FmJh1J9pCzycehHNhFqGWcVKOPPJnkN3/nzV47a/cN0n/GWnIw8Fx5QsI1",
    "scscf_vip4": "none",
    "scscf_vip6": "none",
    "secla_password_hash": "$6$wySDjV39hdw8$tVXybsmArXxbs5XJDJHnKmIMlby5FmJh1J9pCzycehHNhFqGWcVKOPPJnkN3/nzV47a/cN0n/GWnIw8Fx5QsI1",
    "shutdown_timeout": "600",
    "sig_net_name": "vcscf1_sig_sp1",
    "subnet_IPv4_name_suffix": "subnet_ipv4",
    "time_zone": "Europe/Dublin",
    "vnf_name": "",
    "watchdog_timeout": "30",
    "workflow_addVNFToOSS": "true",
    "workflow_associatedSite": "Ireland",
    "workflow_config_dir": "file:///vnflcm-ext/current/vnf_package_repo/vCSCF-1.11.0-8-default/configurations/exampleName",
    "workflow_managedElementSrcType": "CBA",
    "workflow_netConfPort": "830",
    "workflow_networkElementPassword": "YWRtaW4=",
    "workflow_networkElementType": "vCSCF",
    "workflow_networkElementUsername": "maintenance",
    "workflow_networkElementVersion": "1.7.0",
    "workflow_nodeIpAddress": "10.210.221.76",
    "workflow_snmpPort": "161",
    "workflow_subNetworks": "SubNetwork=EXAMPLE_NET1",
    "SC-VM_HA_policy_PL": "managed-on-host",
    "workflow_lcmScriptTimeout": "1800"
  },
  "terminateVnfOpConfig": {}
}