{
    "dataVNFDSpecific": {
        "flavourId": "default", 
        "scaleVnfOpConfig": {
            "listOfUUIDsToBeDeleted": "", 
            "scaleInType": ""
        }, 
        "scalingAspect": [
            {
                "description": "Default scaling domain", 
                "id": "default", 
                "maxScaleLevel": 100, 
                "name": "default"
            }
        ], 
        "vnfLcmOperationsConfiguration": {
            "scale": {
                "scalingByMoreThanOneStepSupported": true
            }
        }, 
        "vnfProductName": "vCSCF", 
        "vnfProvider": "Ericsson", 
        "vnfSoftwareVersion": "1.9.3-1", 
        "vnfdId": "vCSCF-1.9.3-1-default", 
        "vnfdVersion": "1.9.3-1-default"
    }, 
    "instantiateVnfOpConfig": {
        "DNS_server_1_address": "none", 
        "DNS_server_2_address": "none", 
        "NTP_server_1_address": "10.42.137.126", 
        "NTP_server_2_address": "none", 
        "OM_IPv4_address": "10.210.221.66", 
        "OM_IPv6_address": "none", 
        "OM_gateway_IPv4_address": "10.210.221.65", 
        "OM_gateway_IPv6_address": "none", 
        "OM_net_name": "P9-OpStk-13-Public-Tenant4", 
        "OM_subnet_IPv4_address": "10.210.221.64/26", 
        "OM_subnet_IPv6_address": "none", 
        "PL-1_int_IPv4_address": "169.254.100.3", 
        "PL-2_int_IPv4_address": "169.254.100.4", 
        "PL_to_be_scaled_in": "", 
        "SC-1_IPv4_address": "10.210.221.67", 
        "SC-1_IPv6_address": "none", 
        "SC-1_SC-2_cinder_volume_size": 0, 
        "SC-1_int_IPv4_address": "169.254.100.1", 
        "SC-2_IPv4_address": "10.210.221.68", 
        "SC-2_IPv6_address": "none", 
        "SC-2_int_IPv4_address": "169.254.100.2", 
        "VM_HA_policy_PL": "managed-on-host", 
        "VM_HA_policy_SC": "managed-on-host", 
        "VM_flavor_PL": "CM-vCSCF-32-0-8", 
        "VM_flavor_SC": "CM-vCSCF-32-250-8", 
        "VM_image_PL": "65a3952b-c689-4973-85f4-c7f2dbd2ba2c", 
        "VM_image_SC": "daf0b2ca-90cd-4b71-9c14-27ba323f6422", 
        "availability_zone": "nova", 
        "availability_zone_Scaling_VMs": {
            "VM-0": "nova", 
            "VM-1": "nova", 
            "VM-2": "nova", 
            "VM-3": "nova", 
            "VM-4": "nova", 
            "VM-5": "nova", 
            "VM-6": "nova", 
            "VM-7": "nova", 
            "VM-8": "nova", 
            "VM-9": "nova"
        }, 
        "chr_net_name": "vcscf1_chr_sp1", 
        "conf_net_name": "vcscf1_conf_sp1", 
        "diacx_vip4": "none", 
        "diacx_vip6": "none", 
        "diarf_vip4": "none", 
        "diarf_vip6": "none", 
        "diaro_vip4": "none", 
        "diaro_vip6": "none", 
        "diarx_vip4": "none", 
        "diarx_vip6": "none", 
        "ecscf_vip4": "none", 
        "ecscf_vip6": "none", 
        "emergency_password_hash": "$6$wySDjV39hdw8$tVXybsmArXxbs5XJDJHnKmIMlby5FmJh1J9pCzycehHNhFqGWcVKOPPJnkN3/nzV47a/cN0n/GWnIw8Fx5QsI1", 
        "emergency_username": "maintenance", 
        "icscf_vip4": "none", 
        "icscf_vip6": "none", 
        "int_net_name": "vCSCF_1_8_vcscf1_int_sp", 
        "int_subnet_IPv4_address": "169.254.100.0/24", 
        "nels_host": "", 
        "nels_port": "", 
        "number_of_scaled_out_PL_VMs": 0, 
        "pcscf_vip4": "none", 
        "pcscf_vip6": "none", 
        "root_password_hash": "$6$wySDjV39hdw8$tVXybsmArXxbs5XJDJHnKmIMlby5FmJh1J9pCzycehHNhFqGWcVKOPPJnkN3/nzV47a/cN0n/GWnIw8Fx5QsI1", 
        "scscf_vip4": "none", 
        "scscf_vip6": "none", 
        "secla_password_hash": "$6$wySDjV39hdw8$tVXybsmArXxbs5XJDJHnKmIMlby5FmJh1J9pCzycehHNhFqGWcVKOPPJnkN3/nzV47a/cN0n/GWnIw8Fx5QsI1", 
        "sig_net_name": "vcscf1_sig_sp1", 
        "subnet_IPv4_name_suffix": "subnet_ipv4", 
        "time_zone": "Europe/Dublin", 
        "vnf_name": "irrelevant", 
        "workflow_addVNFToOSS": "true", 
        "workflow_associatedSite": "Ireland", 
        "workflow_config_dir": "file:///vnflcm-ext/current/vnf_package_repo/vCSCF-1.9.3-1-default/configurations/exampleName", 
        "workflow_managedElementSrcType": "CBA", 
        "workflow_netConfPort": "830", 
        "workflow_networkElementPassword": "YWRtaW4=e", 
        "workflow_networkElementType": "vCSCF", 
        "workflow_networkElementUsername": "maintenance", 
        "workflow_networkElementVersion": "1.7.0", 
        "workflow_nodeIpAddress": "10.210.221.66", 
        "workflow_snmpPort": "161", 
        "workflow_subNetworks": "SubNetwork=EXAMPLE_NET1"
    }, 
    "terminateVnfOpConfig": {}
}
