{
  "globalrules": {
    "block": [
      "[:]",
      "^bgf_flavor$",
      "^bgf_image$",
      "^shared_storage_ssh_private_key$",
      "^admin_password_hash$",
      "^payload_scaling_in_list$"
    ]
  },
  "rulesets": [
    {
      "sourceVersion": "vBGF_1.8",
      "targetVersion": "vBGF_1.9",
      "rules": [
        {
          "source": "untrusted_net_name",
          "target": "untrusted_net_name_1"
        },
        {
          "source": "untrusted_net_vlan_tag",
          "target": "untrusted_net_vlan_tag_1"
        },
        {
          "source": "untrusted_net_allocation_pool_start_ipv6",
          "target": "untrusted_net_allocation_pool_start_ipv6_1"
        },
        {
          "source": "untrusted_net_allocation_pool_end_ipv6",
          "target": "untrusted_net_allocation_pool_end_ipv6_1"
        },
        {
          "source": "untrusted_net_cidr_ipv6",
          "target": "untrusted_net_cidr_ipv6_1"
        },
        {
          "source": "untrusted_net_allocation_pool_start",
          "target": "untrusted_net_allocation_pool_start_1"
        },
        {
          "source": "untrusted_net_allocation_pool_end",
          "target": "untrusted_net_allocation_pool_end_1"
        },
        {
          "source": "untrusted_net_cidr",
          "target": "untrusted_net_cidr_1"
        }
      ]
    }
  ]
}
