{
  "$schema": "http://json-schema.org/draft-06/schema#",
  "definitions": {},
  "type": "object",
  "properties": {
    "moveSubscribersOff": {
      "title" : "Move subscribers from VNF",
      "description": "Move subscribers from VNF",
      "properties": {
        "mos1lockType": {
          "title": "Lock type",
          "description": "Graceful lock or forceful lock ",
          "type": "string",
          "default": "Graceful Lock",
          "enum": ["Graceful Lock", "Forceful Lock"]
        },
        "mos2maxUserRedistributionRate": {
          "title": "Max user redistribution rate",
          "description": "Specifies the maximum rate (number of users per second) at which the registered users are redistributed to alternative nodes",
          "type": "number",
          "pattern": "^[0-9]{1,6}$",
          "default": 10
         },
        "mos3mosTimeout": {
          "title": "Move subscribers time-out(sec)",
          "description": "Specifies the time out of the move subscribers action in seconds",
          "type": "number",
          "pattern": "^[0-9]{1,6}$|^-1$",
          "default": -1
        },
        "mos4actionAfterTimeout": {
          "title": "Action after timeout",
          "description": "Specifies the actions after timeout",
          "type": "string",
          "default": "Forceful lock",
          "enum": ["Forceful lock", "No action", "Unlock"]
        }
      },
      "required": ["mos1lockType", "mos2maxUserRedistributionRate", "mos3mosTimeout", "mos4actionAfterTimeout"]
    }
  }
}
