{
  "dataVNFDSpecific": {
    "vnfdId": "vSBG-2.7.0-5ec3ce22-cee_bsp",
    "vnfProvider": "Ericsson",
    "vnfProductName": "vSBG",
    "vnfSoftwareVersion": "2.7.0-5ec3ce22",
    "vnfdVersion": "2.7.0-5ec3ce22-cee_bsp",
    "flavourId": "cee_bsp",
    "scalingAspect": [
      {
        "id": "default",
        "name": "default",
        "description": "Default scaling domain, for payload instances.",
        "maxScaleLevel": 20
      }
    ],
    "vnfLcmOperationsConfiguration": {
      "scale": {
        "scalingByMoreThanOneStepSupported": true
      }
    }
  },
  "instantiateVnfOpConfig": {
    "admin_authorized_key": "",
    "admin_groups": "com-emergency,systemd-journal,cmw-imm-users",
    "admin_password_hash": "<paste public key here>",
    "admin_username": "vsbg-admin",
    "affinity_policy": "soft-anti-affinity",
    "availability_zone": "nova",
    "conf_net_name": "vSBG-Mobile-PROD-Net-li-sp1",
    "charging_net_name": "",
    "DNS_server_1": "",
    "DNS_server_2": "",
    "HA_policy_SC": "ha-offline",
    "HA_policy_PL": "ha-offline",
    "watchdog_timeout": 30,
    "watchdog_interval_timeout": 10,
    "watchdog_shutdown_timeout": 600,
    "nodeConnectionLossAlarm": 0,
    "int_net_name": "int_sp",
    "adc_net_name": "adc_sp",
    "ntp_server_1": "159.107.173.12",
    "ntp_server_2": "159.107.173.12",
    "ntp_vnic_config": "ntp-with-extra-vnic",
    "OM_ip_address": "10.210.221.101",
    "OM_net_name": "P9-OpStk-13-Public-Tenant4",
    "sc_instance_count": 1,
    "payload_instance_count": 2,
    "PL_volume_size_GB": 4,
    "adc_instance_count": 0,
    "ADC_volume_size_GB": 4,
    "pmp_count": "0,1,1,2,2,3,3,4,4,5,5,6,6,7,7,8,8,9,9,10,10",
    "image": "a85e36bd-277e-449a-a092-981e8ba012cf",
    "PL_flavor": "328b45b2-3848-4bda-8249-3e642ea90fb0",
    "SC_flavor": "328b45b2-3848-4bda-8249-3e642ea90fb0",
    "ADC_flavor": "328b45b2-3848-4bda-8249-3e642ea90fb0",
    "SC_volume_size_GB": 12,
    "sig_net_name": "vSBG-Mobile-PROD-Net-sig-sp0",
    "sig_vlan_count": 3,
    "sig_vlan_ids": "713,714,710",
    "sig_vlan_names": "vSBG-Mobile-PROD-Net-sig-sp1,vSBG-Mobile-PROD-Net-sig-sp2,vSBG-Mobile-PROD-Net-sig-sp3",
    "subnet_IPv4_name_suffix": "subnet_ipv4",
    "vnf_name": "vsbg_1",
    "pmp_anti_affinity_enabled": false,
    "external_nfs_used": false,
    "access_vnic_for_charging_used": false,
    "external_nfs_ip": "192.168.1.29",
    "external_nfs_exportpoint": "/.storage",
    "external_nfs_version": "3",
    "external_nfs_net_name": "",
    "vm_mtu": "1450",
    "workflow_lcmScriptTimeout": "1800",
    "workflow_addVNFToOSS": "true",
    "workflow_networkElementUsername": "vsbg-admin",
    "workflow_networkElementPassword": "YWRtaW4=",
    "workflow_networkElementType": "vSBG",
    "workflow_networkElementVersion": "2.1",
    "workflow_nodeIpAddress": "10.210.221.101",
    "workflow_snmpPort": "161",
    "workflow_netConfPort": "830",
    "workflow_managedElementSrcType": "CBA",
    "workflow_subNetworks": "notsetyet",
    "workflow_associatedSite": "Ireland",
    "workflow_config_dir": "file://"
  },
  "terminateVnfOpConfig": {},
  "healVnfOpConfig": {
    "resourceName": "",
    "resourceId": ""
  },
  "scaleVnfOpConfig": {
    "listOfUUIDsToBeDeleted": [],
    "shutdownType": "",
    "shuttingDownTimeout": -1
  }
}