{
  "$schema": "http://json-schema.org/draft-06/schema#",
  "definitions": {},
  "type": "object",
  "properties": {

    "instantiateVnfOpConfig": {
      "type": "object",
      "properties": {
      },
      "required": []
    },

    "terminateVnfOpConfig": {
      "type": "object",
      "properties": {
      },
      "required": []
    },

    "healVnfOpConfig": {
        "type": "object",
        "properties": {
            "A_HealMessage_1": {
                "type": "message",
                "message": "Provide either the name or the UUID of the VM to be healed. If UUID is provided, VM name is ignored."
            },
            "resourceId": {
                "pattern": "^[0-9a-fA-F]{8}-[0-9a-fA-F]{4}-[0-9a-fA-F]{4}-[0-9a-fA-F]{4}-[0-9a-fA-F]{12}$",
                "errormessage": "Please enter a valid UUID. Format example: '08eb7dae-e65d-11e8-9797-fa16aae63b7c'",
                "title": "VM UUID to heal",
                "description": "Select the VM to heal.",
                "type": "string"
            },
            "resourceId_Message": {
                "type": "message",
                "message": "OR"
            },
            "resourceName": {
                "pattern": "^[a-zA-Z][a-zA-Z0-9_.-]*$",
                "errormessage": "Please enter a valid VM name.",
                "title": "VM name to heal",
                "description": "Select the VM to heal. Ignored, if UUID is provided",
                "type": "string"
            }
        },
        "required": []
    },

    "scaleVnfOpConfig": {
      "type": "object",
      "properties": {
        "a_scaleInMessage": {
            "type": "message",
            "message": "The UUID list can be left empty if the user has no preference. Of the specified UUIDs, if any exist in the cluster, they will be preferred for scaling in (one can specify fewer or equal UUIDs to the number of steps)."
        },
        "listOfUUIDsToBeDeleted": {
          "pattern": "^[0-9a-fA-F]{8}-[0-9a-fA-F]{4}-[0-9a-fA-F]{4}-[0-9a-fA-F]{4}-[0-9a-fA-F]{12}(, [0-9a-fA-F]{8}-[0-9a-fA-F]{4}-[0-9a-fA-F]{4}-[0-9a-fA-F]{4}-[0-9a-fA-F]{12})*$",
          "errormessage": "Please enter one or more valid UUID's separated by commas and a space. For example: '<uuid1>, <uuid2>'",
          "title": "Optional: List of VM UUIDs to scale-in",
          "description": "Select the VM(s) to scale in. Format: '<uuid1>, <uuid2>, [...]'",
          "type": "array",
          "items": {
            "title": "UUID schema",
            "description": "VM's uuid.",
            "type": "string"
          }
        },
        "shutdownType": {
          "title": "Scale-in type",
          "description": "Set how to scale in the VM(s). (GRACEFUL or FORCEFUL)",
          "type": "string",
          "default": "GRACEFUL",
          "enum": ["GRACEFUL", "FORCEFUL"]
        },
        "shuttingDownTimeout": {
          "title": "Optional: Graceful scale-in timeout",
          "description": "Set how long the GRACEFUL scale-in can take in seconds before the VM(s) removed forcefully.",
          "type": "number",
          "pattern": "^((-1)|(0)|([1-9][0-9]*))$",
          "errormessage": "Enter a positive integer or -1!",
          "default": -1
        }
      },
      "required": []
    }
  }
}
